id,"code","name",currency_id,"continent","wikipedia_link","keywords","created_at","updated_at"
302556,"AO","Angola",6,NULL,"http://en.wikipedia.org/wiki/Angola","","2019-05-19 07:21:33","2019-05-19 07:21:33"
302557,"BF","Burkina Faso",161,NULL,"http://en.wikipedia.org/wiki/Burkina_Faso","","2019-05-19 07:21:33","2019-05-19 07:21:33"
302558,"BI","Burundi",16,NULL,"http://en.wikipedia.org/wiki/Burundi","","2019-05-19 07:21:33","2019-05-19 07:21:33"
302559,"BJ","Benin",161,NULL,"http://en.wikipedia.org/wiki/Benin","","2019-05-19 07:21:33","2019-05-19 07:21:33"
302560,"BW","Botswana",24,NULL,"http://en.wikipedia.org/wiki/Botswana","","2019-05-19 07:21:33","2019-05-19 07:21:33"
302561,"CD","Congo (Kinshasa)",28,NULL,"http://en.wikipedia.org/wiki/Congo_(Kinshasa)","","2019-05-19 07:21:33","2019-05-19 07:21:33"
302562,"CF","Central African Republic",158,NULL,"http://en.wikipedia.org/wiki/Central_African_Republic","","2019-05-19 07:21:33","2019-05-19 07:21:33"
302563,"CG","Congo (Brazzaville)",158,NULL,"http://en.wikipedia.org/wiki/Congo_(Brazzaville)","","2019-05-19 07:21:33","2019-05-19 07:21:33"
302564,"CI","Côte d'Ivoire",161,NULL,"http://en.wikipedia.org/wiki/Côte_d'Ivoire","Ivory Coast","2019-05-19 07:21:33","2019-05-19 07:21:33"
302565,"CM","Cameroon",158,NULL,"http://en.wikipedia.org/wiki/Cameroon","","2019-05-19 07:21:33","2019-05-19 07:21:33"
302566,"CV","Cape Verde",40,NULL,"http://en.wikipedia.org/wiki/Cape_Verde","","2019-05-19 07:21:33","2019-05-19 07:21:33"
302567,"DJ","Djibouti",42,NULL,"http://en.wikipedia.org/wiki/Djibouti","","2019-05-19 07:21:33","2019-05-19 07:21:33"
302568,"DZ","Algeria",45,NULL,"http://en.wikipedia.org/wiki/Algeria","مطارات الجزائر","2019-05-19 07:21:33","2019-05-19 07:21:33"
302569,"EG","Egypt",46,NULL,"http://en.wikipedia.org/wiki/Egypt","مطارات مصر","2019-05-19 07:21:33","2019-05-19 07:21:33"
302570,"EH","Western Sahara",89,NULL,"http://en.wikipedia.org/wiki/Western_Sahara","Sahrawian, مطارات الصحراء الغربية","2019-05-19 07:21:33","2019-05-19 07:21:33"
302571,"ER","Eritrea",47,NULL,"http://en.wikipedia.org/wiki/Eritrea","","2019-05-19 07:21:33","2019-05-19 07:21:33"
302572,"ET","Ethiopia",48,NULL,"http://en.wikipedia.org/wiki/Ethiopia","","2019-05-19 07:21:33","2019-05-19 07:21:33"
302573,"GA","Gabon",158,NULL,"http://en.wikipedia.org/wiki/Gabon","","2019-05-19 07:21:33","2019-05-19 07:21:33"
302574,"GH","Ghana",54,NULL,"http://en.wikipedia.org/wiki/Ghana","","2019-05-19 07:21:33","2019-05-19 07:21:33"
302575,"GM","Gambia",56,NULL,"http://en.wikipedia.org/wiki/Gambia","","2019-05-19 07:21:33","2019-05-19 07:21:33"
302576,"GN","Guinea",57,NULL,"http://en.wikipedia.org/wiki/Guinea","Aéroports de la Guinée","2019-05-19 07:21:33","2019-05-19 07:21:33"
302577,"GQ","Equatorial Guinea",158,NULL,"http://en.wikipedia.org/wiki/Equatorial_Guinea","","2019-05-19 07:21:33","2019-05-19 07:21:33"
302578,"GW","Guinea-Bissau",161,NULL,"http://en.wikipedia.org/wiki/Guinea-Bissau","","2019-05-19 07:21:33","2019-05-19 07:21:33"
302579,"KE","Kenya",74,NULL,"http://en.wikipedia.org/wiki/Kenya","","2019-05-19 07:21:33","2019-05-19 07:21:33"
302580,"KM","Comoros",77,NULL,"http://en.wikipedia.org/wiki/Comoros","جزر القمر","2019-05-19 07:21:33","2019-05-19 07:21:33"
302581,"LR","Liberia",86,NULL,"http://en.wikipedia.org/wiki/Liberia","","2019-05-19 07:21:33","2019-05-19 07:21:33"
302582,"LS","Lesotho",87,NULL,"http://en.wikipedia.org/wiki/Lesotho","","2019-05-19 07:21:33","2019-05-19 07:21:33"
302583,"LY","Libya",88,NULL,"http://en.wikipedia.org/wiki/Libya","مطارات في ليبيا","2019-05-19 07:21:33","2019-05-19 07:21:33"
302584,"MA","Morocco",89,NULL,"http://en.wikipedia.org/wiki/Morocco","مطارات المغرب","2019-05-19 07:21:33","2019-05-19 07:21:33"
302585,"MG","Madagascar",91,NULL,"http://en.wikipedia.org/wiki/Madagascar","","2019-05-19 07:21:33","2019-05-19 07:21:33"
302586,"ML","Mali",161,NULL,"http://en.wikipedia.org/wiki/Mali","Aéroports du Mali","2019-05-19 07:21:33","2019-05-19 07:21:33"
302587,"MR","Mauritania",96,NULL,"http://en.wikipedia.org/wiki/Mauritania","مطارات موريتانيا","2019-05-19 07:21:33","2019-05-19 07:21:33"
302588,"MU","Mauritius",97,NULL,"http://en.wikipedia.org/wiki/Mauritius","","2019-05-19 07:21:33","2019-05-19 07:21:33"
302589,"MW","Malawi",99,NULL,"http://en.wikipedia.org/wiki/Malawi","","2019-05-19 07:21:33","2019-05-19 07:21:33"
302590,"MZ","Mozambique",103,NULL,"http://en.wikipedia.org/wiki/Mozambique","","2019-05-19 07:21:33","2019-05-19 07:21:33"
302591,"NA","Namibia",104,NULL,"http://en.wikipedia.org/wiki/Namibia","","2019-05-19 07:21:33","2019-05-19 07:21:33"
302592,"NE","Niger",161,NULL,"http://en.wikipedia.org/wiki/Niger","","2019-05-19 07:21:33","2019-05-19 07:21:33"
302593,"NG","Nigeria",105,NULL,"http://en.wikipedia.org/wiki/Nigeria","","2019-05-19 07:21:33","2019-05-19 07:21:33"
302594,"RE","Réunion",49,NULL,"http://en.wikipedia.org/wiki/Réunion","Île Bourbon, La Réunion","2019-05-19 07:21:33","2019-05-19 07:21:33"
302595,"RW","Rwanda",122,NULL,"http://en.wikipedia.org/wiki/Rwanda","","2019-05-19 07:21:33","2019-05-19 07:21:33"
302596,"SC","Seychelles",125,NULL,"http://en.wikipedia.org/wiki/Seychelles","","2019-05-19 07:21:33","2019-05-19 07:21:33"
302597,"SD","Sudan",126,NULL,"http://en.wikipedia.org/wiki/Sudan","مطارات السودان","2019-05-19 07:21:33","2019-05-19 07:21:33"
302598,"SH","Saint Helena",129,NULL,"http://en.wikipedia.org/wiki/Saint_Helena","","2019-05-19 07:21:33","2019-05-19 07:21:33"
302599,"SL","Sierra Leone",130,NULL,"http://en.wikipedia.org/wiki/Sierra_Leone","","2019-05-19 07:21:33","2019-05-19 07:21:33"
302600,"SN","Senegal",161,NULL,"http://en.wikipedia.org/wiki/Senegal","Aéroports du Sénégal","2019-05-19 07:21:33","2019-05-19 07:21:33"
302601,"SO","Somalia",131,NULL,"http://en.wikipedia.org/wiki/Somalia","","2019-05-19 07:21:33","2019-05-19 07:21:33"
302602,"ST","São Tomé and Principe",134,NULL,"http://en.wikipedia.org/wiki/São_Tomé_and_Principe","","2019-05-19 07:21:33","2019-05-19 07:21:33"
302603,"SZ","Swaziland",137,NULL,"http://en.wikipedia.org/wiki/Swaziland","","2019-05-19 07:21:33","2019-05-19 07:21:33"
302604,"TD","Chad",158,NULL,"http://en.wikipedia.org/wiki/Chad","","2019-05-19 07:21:33","2019-05-19 07:21:33"
302605,"TG","Togo",161,NULL,"http://en.wikipedia.org/wiki/Togo","","2019-05-19 07:21:33","2019-05-19 07:21:33"
302606,"TN","Tunisia",141,NULL,"http://en.wikipedia.org/wiki/Tunisia","مطارات تونس","2019-05-19 07:21:33","2019-05-19 07:21:33"
302607,"TZ","Tanzania",146,NULL,"http://en.wikipedia.org/wiki/Tanzania","","2019-05-19 07:21:33","2019-05-19 07:21:33"
302608,"UG","Uganda",148,NULL,"http://en.wikipedia.org/wiki/Uganda","","2019-05-19 07:21:33","2019-05-19 07:21:33"
302609,"YT","Mayotte",49,NULL,"http://en.wikipedia.org/wiki/Mayotte","","2019-05-19 07:21:33","2019-05-19 07:21:33"
302610,"ZA","South Africa",166,NULL,"http://en.wikipedia.org/wiki/South_Africa","","2019-05-19 07:21:33","2019-05-19 07:21:33"
302611,"ZM","Zambia",167,NULL,"http://en.wikipedia.org/wiki/Zambia","","2019-05-19 07:21:33","2019-05-19 07:21:33"
302612,"ZW","Zimbabwe",168,NULL,"http://en.wikipedia.org/wiki/Zimbabwe","","2019-05-19 07:21:33","2019-05-19 07:21:33"
302613,"ZZ","Unknown or unassigned country",NULL,NULL,"http://en.wikipedia.org/wiki/Unknown_or_unassigned_country","","2019-05-19 07:21:33","2019-05-19 07:21:33"
302614,"SS","South Sudan",133,NULL,"http://en.wikipedia.org/wiki/South_Sudan","","2019-05-19 07:21:33","2019-05-19 07:21:33"
302615,"AQ","Antarctica",NULL,NULL,"http://en.wikipedia.org/wiki/Antarctica","","2019-05-19 07:21:33","2019-05-19 07:21:33"
302616,"GS","South Georgia and the South Sandwich Islands",51,NULL,"http://en.wikipedia.org/wiki/South_Georgia_and_the_South_Sandwich_Islands","","2019-05-19 07:21:33","2019-05-19 07:21:33"
302617,"TF","French Southern Territories",49,NULL,"http://en.wikipedia.org/wiki/French_Southern_Territories","","2019-05-19 07:21:33","2019-05-19 07:21:33"
302618,"AE","United Arab Emirates",1,NULL,"http://en.wikipedia.org/wiki/United_Arab_Emirates","UAE,مطارات في الإمارات العربية المتحدة","2019-05-19 07:21:33","2019-05-19 07:21:33"
302619,"AF","Afghanistan",2,NULL,"http://en.wikipedia.org/wiki/Afghanistan","","2019-05-19 07:21:33","2019-05-19 07:21:33"
302620,"AM","Armenia",4,NULL,"http://en.wikipedia.org/wiki/Armenia","","2019-05-19 07:21:33","2019-05-19 07:21:33"
302621,"AZ","Azerbaijan",10,NULL,"http://en.wikipedia.org/wiki/Azerbaijan","","2019-05-19 07:21:33","2019-05-19 07:21:33"
302622,"BD","Bangladesh",13,NULL,"http://en.wikipedia.org/wiki/Bangladesh","","2019-05-19 07:21:33","2019-05-19 07:21:33"
302623,"BH","Bahrain",15,NULL,"http://en.wikipedia.org/wiki/Bahrain","مطارات البحرين","2019-05-19 07:21:33","2019-05-19 07:21:33"
302624,"BN","Brunei",18,NULL,"http://en.wikipedia.org/wiki/Brunei","","2019-05-19 07:21:33","2019-05-19 07:21:33"
302625,"BT","Bhutan",23,NULL,"http://en.wikipedia.org/wiki/Bhutan","","2019-05-19 07:21:33","2019-05-19 07:21:33"
302626,"CC","Cocos (Keeling) Islands",8,NULL,"http://en.wikipedia.org/wiki/Cocos_(Keeling)_Islands","","2019-05-19 07:21:33","2019-05-19 07:21:33"
302627,"CN","China",34,NULL,"http://en.wikipedia.org/wiki/China","中国的机场","2019-05-19 07:21:33","2019-05-19 07:21:33"
302628,"CX","Christmas Island",8,NULL,"http://en.wikipedia.org/wiki/Christmas_Island","","2019-05-19 07:21:33","2019-05-19 07:21:33"
302629,"CY","Cyprus",49,NULL,"http://en.wikipedia.org/wiki/Cyprus","","2019-05-19 07:21:33","2019-05-19 07:21:33"
302630,"GE","Georgia",53,NULL,"http://en.wikipedia.org/wiki/Georgia_(country)","","2019-05-19 07:21:33","2019-05-19 07:21:33"
302631,"HK","Hong Kong",60,NULL,"http://en.wikipedia.org/wiki/Hong_Kong","","2019-05-19 07:21:33","2019-05-19 07:21:33"
302632,"ID","Indonesia",65,NULL,"http://en.wikipedia.org/wiki/Indonesia","Bandara di Indonesia","2019-05-19 07:21:33","2019-05-19 07:21:33"
302633,"IL","Israel",66,NULL,"http://en.wikipedia.org/wiki/Israel","שדות התעופה של ישראל","2019-05-19 07:21:33","2019-05-19 07:21:33"
302634,"IN","India",67,NULL,"http://en.wikipedia.org/wiki/India","","2019-05-19 07:21:33","2019-05-19 07:21:33"
302635,"IO","British Indian Ocean Territory",149,NULL,"http://en.wikipedia.org/wiki/British_Indian_Ocean_Territory","","2019-05-19 07:21:33","2019-05-19 07:21:33"
302636,"IQ","Iraq",68,NULL,"http://en.wikipedia.org/wiki/Iraq","مطارات العراق","2019-05-19 07:21:33","2019-05-19 07:21:33"
302637,"IR","Iran",69,NULL,"http://en.wikipedia.org/wiki/Iran","فرودگاه های ایران","2019-05-19 07:21:33","2019-05-19 07:21:33"
302638,"JO","Jordan",72,NULL,"http://en.wikipedia.org/wiki/Jordan","مطارات في الأردن","2019-05-19 07:21:33","2019-05-19 07:21:33"
302639,"JP","Japan",73,NULL,"http://en.wikipedia.org/wiki/Japan","Nippon, 日本の空港","2019-05-19 07:21:33","2019-05-19 07:21:33"
302640,"KG","Kyrgyzstan",75,NULL,"http://en.wikipedia.org/wiki/Kyrgyzstan","","2019-05-19 07:21:33","2019-05-19 07:21:33"
302641,"KH","Cambodia",76,NULL,"http://en.wikipedia.org/wiki/Cambodia","","2019-05-19 07:21:33","2019-05-19 07:21:33"
302642,"KP","North Korea",78,NULL,"http://en.wikipedia.org/wiki/North_Korea","","2019-05-19 07:21:33","2019-05-19 07:21:33"
302643,"KR","South Korea",79,NULL,"http://en.wikipedia.org/wiki/South_Korea","한국의 공항","2019-05-19 07:21:33","2019-05-19 07:21:33"
302644,"KW","Kuwait",80,NULL,"http://en.wikipedia.org/wiki/Kuwait","","2019-05-19 07:21:33","2019-05-19 07:21:33"
302645,"KZ","Kazakhstan",82,NULL,"http://en.wikipedia.org/wiki/Kazakhstan","Kazakh","2019-05-19 07:21:33","2019-05-19 07:21:33"
302646,"LA","Laos",83,NULL,"http://en.wikipedia.org/wiki/Laos","","2019-05-19 07:21:33","2019-05-19 07:21:33"
302647,"LB","Lebanon",84,NULL,"http://en.wikipedia.org/wiki/Lebanon","المطارات في لبنان","2019-05-19 07:21:33","2019-05-19 07:21:33"
302648,"LK","Sri Lanka",85,NULL,"http://en.wikipedia.org/wiki/Sri_Lanka","","2019-05-19 07:21:33","2019-05-19 07:21:33"
302649,"MM","Burma",93,NULL,"http://en.wikipedia.org/wiki/Burma","Myanmar","2019-05-19 07:21:33","2019-05-19 07:21:33"
302650,"MN","Mongolia",94,NULL,"http://en.wikipedia.org/wiki/Mongolia","","2019-05-19 07:21:33","2019-05-19 07:21:33"
302651,"MO","Macau",95,NULL,"http://en.wikipedia.org/wiki/Macau","Macao","2019-05-19 07:21:33","2019-05-19 07:21:33"
302652,"MV","Maldives",98,NULL,"http://en.wikipedia.org/wiki/Maldives","","2019-05-19 07:21:33","2019-05-19 07:21:33"
302653,"MY","Malaysia",102,NULL,"http://en.wikipedia.org/wiki/Malaysia","Lapangan Terbang Malaysia","2019-05-19 07:21:33","2019-05-19 07:21:33"
302654,"NP","Nepal",108,NULL,"http://en.wikipedia.org/wiki/Nepal","नेपाल विमानस्थलको","2019-05-19 07:21:33","2019-05-19 07:21:33"
302655,"OM","Oman",110,NULL,"http://en.wikipedia.org/wiki/Oman","مطارات عمان","2019-05-19 07:21:33","2019-05-19 07:21:33"
302656,"PH","Philippines",114,NULL,"http://en.wikipedia.org/wiki/Philippines","Mga alternatibong byahe mula sa Pilipinas","2019-05-19 07:21:33","2019-05-19 07:21:33"
302657,"PK","Pakistan",115,NULL,"http://en.wikipedia.org/wiki/Pakistan","پاکستان کے ہوائی اڈوں","2019-05-19 07:21:33","2019-05-19 07:21:33"
302658,"PS","Palestinian Territory",NULL,NULL,"http://en.wikipedia.org/wiki/Palestinian_Territory","","2019-05-19 07:21:33","2019-05-19 07:21:33"
302659,"QA","Qatar",118,NULL,"http://en.wikipedia.org/wiki/Qatar","مطارات قطر","2019-05-19 07:21:33","2019-05-19 07:21:33"
302660,"SA","Saudi Arabia",123,NULL,"http://en.wikipedia.org/wiki/Saudi_Arabia","مطارات المملكة العربية السعودية,المطارات لموسم الحج","2019-05-19 07:21:33","2019-05-19 07:21:33"
302661,"SG","Singapore",128,NULL,"http://en.wikipedia.org/wiki/Singapore","","2019-05-19 07:21:33","2019-05-19 07:21:33"
302662,"SY","Syria",136,NULL,"http://en.wikipedia.org/wiki/Syria","مطارات سوريا","2019-05-19 07:21:33","2019-05-19 07:21:33"
302663,"TH","Thailand",138,NULL,"http://en.wikipedia.org/wiki/Thailand","Siam, Siamese","2019-05-19 07:21:33","2019-05-19 07:21:33"
302664,"TJ","Tajikistan",139,NULL,"http://en.wikipedia.org/wiki/Tajikistan","Tajik","2019-05-19 07:21:33","2019-05-19 07:21:33"
302665,"TL","Timor-Leste",149,NULL,"http://en.wikipedia.org/wiki/Timor-Leste","East Timor","2019-05-19 07:21:33","2019-05-19 07:21:33"
302666,"TM","Turkmenistan",140,NULL,"http://en.wikipedia.org/wiki/Turkmenistan","","2019-05-19 07:21:33","2019-05-19 07:21:33"
302667,"TR","Turkey",143,NULL,"http://en.wikipedia.org/wiki/Turkey","Türkiye havaalanları","2019-05-19 07:21:33","2019-05-19 07:21:33"
302668,"TW","Taiwan",145,NULL,"http://en.wikipedia.org/wiki/Taiwan","","2019-05-19 07:21:33","2019-05-19 07:21:33"
302669,"UZ","Uzbekistan",153,NULL,"http://en.wikipedia.org/wiki/Uzbekistan","Uzbek","2019-05-19 07:21:33","2019-05-19 07:21:33"
302670,"VN","Vietnam",155,NULL,"http://en.wikipedia.org/wiki/Vietnam","Các sân bay của Việt Nam","2019-05-19 07:21:33","2019-05-19 07:21:33"
302671,"YE","Yemen",165,NULL,"http://en.wikipedia.org/wiki/Yemen","مطارات اليمن","2019-05-19 07:21:33","2019-05-19 07:21:33"
302672,"AD","Andorra",49,NULL,"http://en.wikipedia.org/wiki/Andorra","","2019-05-19 07:21:33","2019-05-19 07:21:33"
302673,"AL","Albania",3,NULL,"http://en.wikipedia.org/wiki/Albania","","2019-05-19 07:21:33","2019-05-19 07:21:33"
302674,"AT","Austria",49,NULL,"http://en.wikipedia.org/wiki/Austria","Flughäfen in Österreich","2019-05-19 07:21:33","2019-05-19 07:21:33"
302675,"BA","Bosnia and Herzegovina",11,NULL,"http://en.wikipedia.org/wiki/Bosnia_and_Herzegovina","","2019-05-19 07:21:33","2019-05-19 07:21:33"
302676,"BE","Belgium",49,NULL,"http://en.wikipedia.org/wiki/Belgium","Aéroports de Belgique,Luchthavens van België","2019-05-19 07:21:33","2019-05-19 07:21:33"
302677,"BG","Bulgaria",14,NULL,"http://en.wikipedia.org/wiki/Bulgaria","","2019-05-19 07:21:33","2019-05-19 07:21:33"
302678,"BY","Belarus",25,NULL,"http://en.wikipedia.org/wiki/Belarus","Belarussian, Беларусь","2019-05-19 07:21:33","2019-05-19 07:21:33"
302679,"CH","Switzerland",29,NULL,"http://en.wikipedia.org/wiki/Switzerland","Aéroports de la Suisse,Flughäfen der Schweiz","2019-05-19 07:21:33","2019-05-19 07:21:33"
302680,"CZ","Czechia",41,NULL,"http://en.wikipedia.org/wiki/Czech_Republic","Letiště České republiky","2019-05-19 07:21:33","2019-05-19 07:21:33"
302681,"DE","Germany",49,NULL,"http://en.wikipedia.org/wiki/Germany","Flughäfen in Deutschland","2019-05-19 07:21:33","2019-05-19 07:21:33"
302682,"DK","Denmark",43,NULL,"http://en.wikipedia.org/wiki/Denmark","Lufthavnene i Danmark","2019-05-19 07:21:33","2019-05-19 07:21:33"
302683,"EE","Estonia",49,NULL,"http://en.wikipedia.org/wiki/Estonia","","2019-05-19 07:21:33","2019-05-19 07:21:33"
302684,"ES","Spain",49,NULL,"http://en.wikipedia.org/wiki/Spain","Aeropuertos de España","2019-05-19 07:21:33","2019-05-19 07:21:33"
302685,"FI","Finland",49,NULL,"http://en.wikipedia.org/wiki/Finland","Lentokentät, Suomen","2019-05-19 07:21:33","2019-05-19 07:21:33"
302686,"FO","Faroe Islands",43,NULL,"http://en.wikipedia.org/wiki/Faroe_Islands","","2019-05-19 07:21:33","2019-05-19 07:21:33"
302687,"FR","France",49,NULL,"http://en.wikipedia.org/wiki/France","Aéroports de France","2019-05-19 07:21:33","2019-05-19 07:21:33"
302688,"GB","United Kingdom",52,NULL,"http://en.wikipedia.org/wiki/United_Kingdom","Great Britain","2019-05-19 07:21:33","2019-05-19 07:21:33"
302689,"GG","Guernsey",52,NULL,"http://en.wikipedia.org/wiki/Guernsey","","2019-05-19 07:21:33","2019-05-19 07:21:33"
302690,"GI","Gibraltar",55,NULL,"http://en.wikipedia.org/wiki/Gibraltar","","2019-05-19 07:21:33","2019-05-19 07:21:33"
302691,"GR","Greece",49,NULL,"http://en.wikipedia.org/wiki/Greece","αεροδρόμια στην Ελλάδα","2019-05-19 07:21:33","2019-05-19 07:21:33"
302692,"HR","Croatia",62,NULL,"http://en.wikipedia.org/wiki/Croatia","","2019-05-19 07:21:33","2019-05-19 07:21:33"
302693,"HU","Hungary",64,NULL,"http://en.wikipedia.org/wiki/Hungary","Repülőterek Magyarország","2019-05-19 07:21:33","2019-05-19 07:21:33"
302694,"IE","Ireland",49,NULL,"http://en.wikipedia.org/wiki/Ireland","Eire","2019-05-19 07:21:33","2019-05-19 07:21:33"
302695,"IM","Isle of Man",52,NULL,"http://en.wikipedia.org/wiki/Isle_of_Man","","2019-05-19 07:21:33","2019-05-19 07:21:33"
302696,"IS","Iceland",70,NULL,"http://en.wikipedia.org/wiki/Iceland","","2019-05-19 07:21:33","2019-05-19 07:21:33"
302697,"IT","Italy",49,NULL,"http://en.wikipedia.org/wiki/Italy","Aeroporti d'Italia","2019-05-19 07:21:33","2019-05-19 07:21:33"
302698,"JE","Jersey",52,NULL,"http://en.wikipedia.org/wiki/Jersey","","2019-05-19 07:21:33","2019-05-19 07:21:33"
302699,"LI","Liechtenstein",30,NULL,"http://en.wikipedia.org/wiki/Liechtenstein","","2019-05-19 07:21:33","2019-05-19 07:21:33"
302700,"LT","Lithuania",49,NULL,"http://en.wikipedia.org/wiki/Lithuania","","2019-05-19 07:21:33","2019-05-19 07:21:33"
302701,"LU","Luxembourg",49,NULL,"http://en.wikipedia.org/wiki/Luxembourg","","2019-05-19 07:21:33","2019-05-19 07:21:33"
302702,"LV","Latvia",49,NULL,"http://en.wikipedia.org/wiki/Latvia","","2019-05-19 07:21:33","2019-05-19 07:21:33"
302703,"MC","Monaco",49,NULL,"http://en.wikipedia.org/wiki/Monaco","","2019-05-19 07:21:33","2019-05-19 07:21:33"
302704,"MD","Moldova",90,NULL,"http://en.wikipedia.org/wiki/Moldova","","2019-05-19 07:21:33","2019-05-19 07:21:33"
302705,"ME","Montenegro",49,NULL,"http://en.wikipedia.org/wiki/Montenegro","","2019-05-19 07:21:33","2019-05-19 07:21:33"
302706,"MK","Macedonia",92,NULL,"http://en.wikipedia.org/wiki/Macedonia","","2019-05-19 07:21:33","2019-05-19 07:21:33"
302707,"MT","Malta",49,NULL,"http://en.wikipedia.org/wiki/Malta","","2019-05-19 07:21:33","2019-05-19 07:21:33"
302708,"NL","Netherlands",49,NULL,"http://en.wikipedia.org/wiki/Netherlands","Holland,Luchthavens van Nederland","2019-05-19 07:21:33","2019-05-19 07:21:33"
302709,"NO","Norway",107,NULL,"http://en.wikipedia.org/wiki/Norway","Flyplasser i Norge","2019-05-19 07:21:33","2019-05-19 07:21:33"
302710,"PL","Poland",116,NULL,"http://en.wikipedia.org/wiki/Poland","Lotniska Polski","2019-05-19 07:21:33","2019-05-19 07:21:33"
302711,"PT","Portugal",49,NULL,"http://en.wikipedia.org/wiki/Portugal","Aeroportos do Brasil","2019-05-19 07:21:33","2019-05-19 07:21:33"
302712,"RO","Romania",119,NULL,"http://en.wikipedia.org/wiki/Romania","Aeroporturi din România","2019-05-19 07:21:33","2019-05-19 07:21:33"
302713,"RS","Serbia",120,NULL,"http://en.wikipedia.org/wiki/Serbia","Serb","2019-05-19 07:21:33","2019-05-19 07:21:33"
302714,"RU","Russia",121,NULL,"http://en.wikipedia.org/wiki/Russia","Soviet, Sovietskaya, Sovetskaya, Аэропорты России","2019-05-19 07:21:33","2019-05-19 07:21:33"
302715,"SE","Sweden",127,NULL,"http://en.wikipedia.org/wiki/Sweden","Flygplatserna i Sverige","2019-05-19 07:21:33","2019-05-19 07:21:33"
302716,"SI","Slovenia",49,NULL,"http://en.wikipedia.org/wiki/Slovenia","","2019-05-19 07:21:33","2019-05-19 07:21:33"
302717,"SK","Slovakia",49,NULL,"http://en.wikipedia.org/wiki/Slovakia","letisko Slovenska","2019-05-19 07:21:33","2019-05-19 07:21:33"
302718,"SM","San Marino",49,NULL,"http://en.wikipedia.org/wiki/San_Marino","","2019-05-19 07:21:33","2019-05-19 07:21:33"
302719,"UA","Ukraine",147,NULL,"http://en.wikipedia.org/wiki/Ukraine","Аеропорти України","2019-05-19 07:21:33","2019-05-19 07:21:33"
302720,"XK","Kosovo",49,NULL,"http://en.wikipedia.org/wiki/Kosovo","Kosova","2019-05-19 07:21:33","2019-05-19 07:21:33"
302721,"VA","Vatican City",49,NULL,"http://en.wikipedia.org/wiki/Vatican_City","The Holy See","2019-05-19 07:21:33","2019-05-19 07:21:33"
302722,"AG","Antigua and Barbuda",159,NULL,"http://en.wikipedia.org/wiki/Antigua_and_Barbuda","","2019-05-19 07:21:33","2019-05-19 07:21:33"
302723,"AI","Anguilla",159,NULL,"http://en.wikipedia.org/wiki/Anguilla","","2019-05-19 07:21:33","2019-05-19 07:21:33"
302724,"BQ","Caribbean Netherlands",149,NULL,"http://en.wikipedia.org/wiki/Caribbean_Netherlands","","2019-05-19 07:21:33","2019-05-19 07:21:33"
302725,"AW","Aruba",9,NULL,"http://en.wikipedia.org/wiki/Aruba","","2019-05-19 07:21:33","2019-05-19 07:21:33"
302726,"BB","Barbados",12,NULL,"http://en.wikipedia.org/wiki/Barbados","","2019-05-19 07:21:33","2019-05-19 07:21:33"
302727,"BM","Bermuda",17,NULL,"http://en.wikipedia.org/wiki/Bermuda","","2019-05-19 07:21:33","2019-05-19 07:21:33"
302728,"BS","Bahamas",22,NULL,"http://en.wikipedia.org/wiki/Bahamas","","2019-05-19 07:21:33","2019-05-19 07:21:33"
302729,"BZ","Belize",26,NULL,"http://en.wikipedia.org/wiki/Belize","","2019-05-19 07:21:33","2019-05-19 07:21:33"
302730,"CA","Canada",27,NULL,"http://en.wikipedia.org/wiki/Canada","","2019-05-19 07:21:33","2019-05-19 07:21:33"
302731,"CR","Costa Rica",37,NULL,"http://en.wikipedia.org/wiki/Costa_Rica","Aeropuertos de Costa Rica","2019-05-19 07:21:33","2019-05-19 07:21:33"
302732,"CU","Cuba",38,NULL,"http://en.wikipedia.org/wiki/Cuba","Aeropuertos de Cuba","2019-05-19 07:21:33","2019-05-19 07:21:33"
302733,"DM","Dominica",159,NULL,"http://en.wikipedia.org/wiki/Dominica","","2019-05-19 07:21:33","2019-05-19 07:21:33"
302734,"DO","Dominican Republic",44,NULL,"http://en.wikipedia.org/wiki/Dominican_Republic","","2019-05-19 07:21:33","2019-05-19 07:21:33"
302735,"GD","Grenada",159,NULL,"http://en.wikipedia.org/wiki/Grenada","","2019-05-19 07:21:33","2019-05-19 07:21:33"
302736,"GL","Greenland",43,NULL,"http://en.wikipedia.org/wiki/Greenland","","2019-05-19 07:21:33","2019-05-19 07:21:33"
302737,"GP","Guadeloupe",49,NULL,"http://en.wikipedia.org/wiki/Guadeloupe","","2019-05-19 07:21:33","2019-05-19 07:21:33"
302738,"GT","Guatemala",58,NULL,"http://en.wikipedia.org/wiki/Guatemala","Aeropuertos de Guatemala","2019-05-19 07:21:33","2019-05-19 07:21:33"
302739,"HN","Honduras",61,NULL,"http://en.wikipedia.org/wiki/Honduras","Aeropuertos de Honduras","2019-05-19 07:21:33","2019-05-19 07:21:33"
302740,"HT","Haiti",63,NULL,"http://en.wikipedia.org/wiki/Haiti","Aéroports de Haïti","2019-05-19 07:21:33","2019-05-19 07:21:33"
302741,"JM","Jamaica",71,NULL,"http://en.wikipedia.org/wiki/Jamaica","","2019-05-19 07:21:33","2019-05-19 07:21:33"
302742,"KN","Saint Kitts and Nevis",159,NULL,"http://en.wikipedia.org/wiki/Saint_Kitts_and_Nevis","","2019-05-19 07:21:33","2019-05-19 07:21:33"
302743,"KY","Cayman Islands",81,NULL,"http://en.wikipedia.org/wiki/Cayman_Islands","","2019-05-19 07:21:33","2019-05-19 07:21:33"
302744,"LC","Saint Lucia",159,NULL,"http://en.wikipedia.org/wiki/Saint_Lucia","","2019-05-19 07:21:33","2019-05-19 07:21:33"
302745,"MQ","Martinique",49,NULL,"http://en.wikipedia.org/wiki/Martinique","","2019-05-19 07:21:33","2019-05-19 07:21:33"
302746,"MS","Montserrat",159,NULL,"http://en.wikipedia.org/wiki/Montserrat","","2019-05-19 07:21:33","2019-05-19 07:21:33"
302747,"MX","Mexico",100,NULL,"http://en.wikipedia.org/wiki/Mexico","Aeropuertos de México","2019-05-19 07:21:33","2019-05-19 07:21:33"
302748,"NI","Nicaragua",106,NULL,"http://en.wikipedia.org/wiki/Nicaragua","Aeropuertos de Nicaragua","2019-05-19 07:21:33","2019-05-19 07:21:33"
302749,"PA","Panama",111,NULL,"http://en.wikipedia.org/wiki/Panama","Aeropuertos de Panamá","2019-05-19 07:21:33","2019-05-19 07:21:33"
302750,"PM","Saint Pierre and Miquelon",49,NULL,"http://en.wikipedia.org/wiki/Saint_Pierre_and_Miquelon","","2019-05-19 07:21:33","2019-05-19 07:21:33"
302751,"PR","Puerto Rico",149,NULL,"http://en.wikipedia.org/wiki/Puerto_Rico","","2019-05-19 07:21:33","2019-05-19 07:21:33"
302752,"SV","El Salvador",135,NULL,"http://en.wikipedia.org/wiki/El_Salvador","Salvadorian, Salvadorean","2019-05-19 07:21:33","2019-05-19 07:21:33"
302753,"TC","Turks and Caicos Islands",149,NULL,"http://en.wikipedia.org/wiki/Turks_and_Caicos_Islands","","2019-05-19 07:21:33","2019-05-19 07:21:33"
302754,"TT","Trinidad and Tobago",144,NULL,"http://en.wikipedia.org/wiki/Trinidad_and_Tobago","","2019-05-19 07:21:33","2019-05-19 07:21:33"
302755,"US","United States",149,NULL,"http://en.wikipedia.org/wiki/United_States","America","2019-05-19 07:21:33","2019-05-19 07:21:33"
302756,"VC","Saint Vincent and the Grenadines",159,NULL,"http://en.wikipedia.org/wiki/Saint_Vincent_and_the_Grenadines","","2019-05-19 07:21:33","2019-05-19 07:21:33"
302757,"VG","British Virgin Islands",149,NULL,"http://en.wikipedia.org/wiki/British_Virgin_Islands","","2019-05-19 07:21:33","2019-05-19 07:21:33"
302758,"VI","U.S. Virgin Islands",149,NULL,"http://en.wikipedia.org/wiki/U.S._Virgin_Islands","","2019-05-19 07:21:33","2019-05-19 07:21:33"
302759,"MF","Saint Martin",49,NULL,"http://en.wikipedia.org/wiki/Saint_Martin_(France)","","2019-05-19 07:21:33","2019-05-19 07:21:33"
302760,"BL","Saint Barthélemy",49,NULL,"http://en.wikipedia.org/wiki/Saint_Barthélemy","","2019-05-19 07:21:33","2019-05-19 07:21:33"
302761,"SX","Sint Maarten",5,NULL,"http://en.wikipedia.org/wiki/Sint_Maarten","","2019-05-19 07:21:33","2019-05-19 07:21:33"
302762,"CW","Curaçao",5,NULL,"http://en.wikipedia.org/wiki/Cura%C3%A7ao","","2019-05-19 07:21:33","2019-05-19 07:21:33"
302763,"AS","American Samoa",149,NULL,"http://en.wikipedia.org/wiki/American_Samoa","","2019-05-19 07:21:33","2019-05-19 07:21:33"
302764,"AU","Australia",8,NULL,"http://en.wikipedia.org/wiki/Australia","","2019-05-19 07:21:33","2019-05-19 07:21:33"
302765,"CK","Cook Islands",109,NULL,"http://en.wikipedia.org/wiki/Cook_Islands","","2019-05-19 07:21:33","2019-05-19 07:21:33"
302766,"FJ","Fiji",50,NULL,"http://en.wikipedia.org/wiki/Fiji","","2019-05-19 07:21:33","2019-05-19 07:21:33"
302767,"FM","Micronesia",149,NULL,"https://en.wikipedia.org/wiki/Federated_States_of_Micronesia","","2019-05-19 07:21:33","2019-05-19 07:21:33"
302768,"GU","Guam",149,NULL,"http://en.wikipedia.org/wiki/Guam","","2019-05-19 07:21:33","2019-05-19 07:21:33"
302769,"KI","Kiribati",8,NULL,"http://en.wikipedia.org/wiki/Kiribati","","2019-05-19 07:21:33","2019-05-19 07:21:33"
302770,"MH","Marshall Islands",149,NULL,"http://en.wikipedia.org/wiki/Marshall_Islands","","2019-05-19 07:21:33","2019-05-19 07:21:33"
302771,"MP","Northern Mariana Islands",149,NULL,"http://en.wikipedia.org/wiki/Northern_Mariana_Islands","","2019-05-19 07:21:33","2019-05-19 07:21:33"
302772,"NC","New Caledonia",162,NULL,"http://en.wikipedia.org/wiki/New_Caledonia","","2019-05-19 07:21:33","2019-05-19 07:21:33"
302773,"NF","Norfolk Island",8,NULL,"http://en.wikipedia.org/wiki/Norfolk_Island","","2019-05-19 07:21:33","2019-05-19 07:21:33"
302774,"NR","Nauru",8,NULL,"http://en.wikipedia.org/wiki/Nauru","","2019-05-19 07:21:33","2019-05-19 07:21:33"
302775,"NU","Niue",109,NULL,"http://en.wikipedia.org/wiki/Niue","","2019-05-19 07:21:33","2019-05-19 07:21:33"
302776,"NZ","New Zealand",109,NULL,"http://en.wikipedia.org/wiki/New_Zealand","","2019-05-19 07:21:33","2019-05-19 07:21:33"
302777,"PF","French Polynesia",162,NULL,"http://en.wikipedia.org/wiki/French_Polynesia","","2019-05-19 07:21:33","2019-05-19 07:21:33"
302778,"PG","Papua New Guinea",113,NULL,"http://en.wikipedia.org/wiki/Papua_New_Guinea","","2019-05-19 07:21:33","2019-05-19 07:21:33"
302779,"PN","Pitcairn",109,NULL,"http://en.wikipedia.org/wiki/Pitcairn","","2019-05-19 07:21:33","2019-05-19 07:21:33"
302780,"PW","Palau",149,NULL,"http://en.wikipedia.org/wiki/Palau","","2019-05-19 07:21:33","2019-05-19 07:21:33"
302781,"SB","Solomon Islands",124,NULL,"http://en.wikipedia.org/wiki/Solomon_Islands","","2019-05-19 07:21:33","2019-05-19 07:21:33"
302782,"TK","Tokelau",109,NULL,"http://en.wikipedia.org/wiki/Tokelau","","2019-05-19 07:21:33","2019-05-19 07:21:33"
302783,"TO","Tonga",142,NULL,"http://en.wikipedia.org/wiki/Tonga","","2019-05-19 07:21:33","2019-05-19 07:21:33"
302784,"TV","Tuvalu",8,NULL,"http://en.wikipedia.org/wiki/Tuvalu","","2019-05-19 07:21:33","2019-05-19 07:21:33"
302785,"UM","United States Minor Outlying Islands",149,NULL,"http://en.wikipedia.org/wiki/United_States_Minor_Outlying_Islands","","2019-05-19 07:21:33","2019-05-19 07:21:33"
302786,"VU","Vanuatu",156,NULL,"http://en.wikipedia.org/wiki/Vanuatu","","2019-05-19 07:21:33","2019-05-19 07:21:33"
302787,"WF","Wallis and Futuna",162,NULL,"http://en.wikipedia.org/wiki/Wallis_and_Futuna","","2019-05-19 07:21:33","2019-05-19 07:21:33"
302788,"WS","Samoa",157,NULL,"http://en.wikipedia.org/wiki/Samoa","","2019-05-19 07:21:33","2019-05-19 07:21:33"
302789,"AR","Argentina",7,NULL,"http://en.wikipedia.org/wiki/Argentina","Aeropuertos de Argentina","2019-05-19 07:21:33","2019-05-19 07:21:33"
302790,"BO","Bolivia",19,NULL,"http://en.wikipedia.org/wiki/Bolivia","Aeropuertos de Bolivia","2019-05-19 07:21:33","2019-05-19 07:21:33"
302791,"BR","Brazil",21,NULL,"http://en.wikipedia.org/wiki/Brazil","Brasil, Brasilian","2019-05-19 07:21:33","2019-05-19 07:21:33"
302792,"CL","Chile",32,NULL,"http://en.wikipedia.org/wiki/Chile","Aeropuertos de Chile","2019-05-19 07:21:33","2019-05-19 07:21:33"
302793,"CO","Colombia",35,NULL,"http://en.wikipedia.org/wiki/Colombia","Aeropuertos de Colombia","2019-05-19 07:21:33","2019-05-19 07:21:33"
302794,"EC","Ecuador",149,NULL,"http://en.wikipedia.org/wiki/Ecuador","Aeropuertos de Ecuador","2019-05-19 07:21:33","2019-05-19 07:21:33"
302795,"FK","Falkland Islands",51,NULL,"http://en.wikipedia.org/wiki/Falkland_Islands","","2019-05-19 07:21:33","2019-05-19 07:21:33"
302796,"GF","French Guiana",49,NULL,"http://en.wikipedia.org/wiki/French_Guiana","French Guyana","2019-05-19 07:21:33","2019-05-19 07:21:33"
302797,"GY","Guyana",59,NULL,"http://en.wikipedia.org/wiki/Guyana","","2019-05-19 07:21:33","2019-05-19 07:21:33"
302798,"PE","Perú",112,NULL,"http://en.wikipedia.org/wiki/Perú","Aeropuertos de Perú","2019-05-19 07:21:33","2019-05-19 07:21:33"
302799,"PY","Paraguay",117,NULL,"http://en.wikipedia.org/wiki/Paraguay","Aeropuertos de Paraguay","2019-05-19 07:21:33","2019-05-19 07:21:33"
302800,"SR","Suriname",132,NULL,"http://en.wikipedia.org/wiki/Suriname","","2019-05-19 07:21:33","2019-05-19 07:21:33"
302801,"UY","Uruguay",151,NULL,"http://en.wikipedia.org/wiki/Uruguay","Aeropuertos de Uruguay","2019-05-19 07:21:33","2019-05-19 07:21:33"
302802,"VE","Venezuela",154,NULL,"http://en.wikipedia.org/wiki/Venezuela","Aeropuertos de Venezuela","2019-05-19 07:21:33","2019-05-19 07:21:33"